,mu,nc,NMI
0,0.05,35.0,0.9946204395227919
1,0.05,33.0,0.9861191958746286
2,0.05,36.0,1.0
3,0.05,33.0,0.9871609947783523
4,0.05,35.0,0.9944795279825716
5,0.05,34.0,0.991731147326587
6,0.05,35.0,0.996017020181331
7,0.05,34.0,0.9915331626648591
8,0.05,34.0,0.9920021852278312
9,0.05,35.0,0.9957481373452544
10,0.05,35.0,0.996017020181331
11,0.05,36.0,1.0
12,0.05,35.0,0.9957481373452544
13,0.05,35.0,0.996017020181331
14,0.05,34.0,0.991731147326587
15,0.05,36.0,1.0
16,0.05,35.0,0.9956264170190915
17,0.05,33.0,0.9872847754791235
18,0.05,33.0,0.9870850406062935
19,0.05,34.0,0.9916084512350466
20,0.05,34.0,0.991261872442486
21,0.05,34.0,0.9916084512350466
22,0.05,36.0,0.9988580216074671
23,0.05,35.0,0.996017020181331
24,0.05,35.0,0.996017020181331
25,0.05,35.0,0.996017020181331
26,0.05,35.0,0.9948705696829915
27,0.05,33.0,0.9863982389090701
28,0.05,35.0,0.996017020181331
29,0.05,36.0,1.0
30,0.05,34.0,0.9920021852278312
31,0.05,34.0,0.9916084512350466
32,0.05,33.0,0.9868393064007022
33,0.05,34.0,0.9913649071607757
34,0.05,34.0,0.9911390621054252
35,0.05,34.0,0.9904761048625681
36,0.05,34.0,0.9916084512350466
37,0.05,36.0,1.0
38,0.05,36.0,1.0
39,0.05,34.0,0.9916084512350466
40,0.05,36.0,0.9988770766932097
41,0.05,34.0,0.9904696989781597
42,0.05,36.0,1.0
43,0.05,34.0,0.9912144346944706
44,0.05,34.0,0.9913372015237477
45,0.05,35.0,0.9957481373452544
46,0.05,35.0,0.996017020181331
47,0.05,35.0,0.9948705696829915
48,0.05,34.0,0.9915331626648591
49,0.05,35.0,0.9957481373452544
50,0.05,36.0,1.0
51,0.05,34.0,0.9905989387324092
52,0.05,33.0,0.9871826021725009
53,0.05,34.0,0.9904570514842337
54,0.05,36.0,1.0
55,0.05,34.0,0.9912144346944706
56,0.05,32.0,0.9825975053584182
57,0.05,34.0,0.991731147326587
58,0.05,34.0,0.9920988019229058
59,0.05,36.0,1.0
60,0.05,34.0,0.9916084512350466
61,0.05,36.0,1.0
62,0.05,36.0,1.0
63,0.05,35.0,0.9957481373452544
64,0.05,35.0,0.996017020181331
65,0.05,35.0,0.9957481373452544
66,0.05,36.0,0.9988580216074671
67,0.05,34.0,0.9913372015237477
68,0.05,34.0,0.9905679114696337
69,0.05,34.0,0.9915331626648591
70,0.05,35.0,0.996017020181331
71,0.05,35.0,0.996017020181331
72,0.05,34.0,0.9915331626648591
73,0.05,36.0,0.9988580216074671
74,0.05,33.0,0.9872088398715919
75,0.05,34.0,0.9913649071607757
76,0.05,36.0,1.0
77,0.05,35.0,0.9961128688010442
78,0.05,35.0,0.9960170201813311
79,0.05,34.0,0.9913372015237477
80,0.05,35.0,0.996017020181331
81,0.05,35.0,0.996017020181331
82,0.05,33.0,0.9872847754791235
83,0.05,34.0,0.9910935263929905
84,0.05,34.0,0.9916084512350466
85,0.05,33.0,0.9869152974289683
86,0.05,33.0,0.9870391381874971
87,0.05,36.0,1.0
88,0.05,34.0,0.991731147326587
89,0.05,34.0,0.9915331626648591
90,0.05,36.0,1.0
91,0.05,35.0,0.9956264170190916
92,0.05,34.0,0.9916084512350466
93,0.05,34.0,0.9912618724424861
94,0.05,34.0,0.991731147326587
95,0.05,34.0,0.991731147326587
96,0.05,34.0,0.9912144346944706
97,0.05,33.0,0.9860747402628747
98,0.05,35.0,0.9956264170190915
99,0.05,31.0,0.9781960433290029
100,0.1,34.0,0.9875721592859767
101,0.1,33.0,0.9832104727428514
102,0.1,33.0,0.9819514359203724
103,0.1,32.0,0.9765255834688817
104,0.1,33.0,0.9806650265850163
105,0.1,33.0,0.979354860492287
106,0.1,33.0,0.9820177260985608
107,0.1,31.0,0.9720842497364276
108,0.1,33.0,0.9818365739440368
109,0.1,32.0,0.9749003807076789
110,0.1,32.0,0.9764814029753687
111,0.1,33.0,0.9820390593397882
112,0.1,33.0,0.9777570084085637
113,0.1,31.0,0.9702420752698739
114,0.1,34.0,0.9875721592859767
115,0.1,33.0,0.982943075801389
116,0.1,34.0,0.9875721592859767
117,0.1,33.0,0.9816688137432459
118,0.1,34.0,0.9851979157064852
119,0.1,32.0,0.977698286711569
120,0.1,33.0,0.9820187471916384
121,0.1,33.0,0.9802853812434944
122,0.1,32.0,0.9770018958183042
123,0.1,34.0,0.985116444270663
124,0.1,33.0,0.9820177260985608
125,0.1,33.0,0.9809447519688266
126,0.1,33.0,0.980640823889821
127,0.1,34.0,0.986385422389437
128,0.1,33.0,0.9762839014133312
129,0.1,32.0,0.9736112041614864
130,0.1,32.0,0.9762736662077205
131,0.1,33.0,0.9784746039903001
132,0.1,34.0,0.9863846525812618
133,0.1,33.0,0.9827503127390381
134,0.1,31.0,0.9731482293859461
135,0.1,34.0,0.9851979157064852
136,0.1,32.0,0.9784080544593005
137,0.1,32.0,0.9733418826275684
138,0.1,33.0,0.9832104727428514
139,0.1,33.0,0.9820187471916384
140,0.1,31.0,0.972196768955694
141,0.1,34.0,0.9851375157662984
142,0.1,33.0,0.9832104727428514
143,0.1,33.0,0.9832104727428514
144,0.1,32.0,0.9769039031242172
145,0.1,33.0,0.9819365683126405
146,0.1,33.0,0.9832104727428514
147,0.1,34.0,0.9863846525812618
148,0.1,33.0,0.9771838983985304
149,0.1,31.0,0.9750385109478867
150,0.1,33.0,0.9833186912281869
151,0.1,33.0,0.9813073316205091
152,0.1,33.0,0.9832104727428514
153,0.1,33.0,0.9832104727428514
154,0.1,34.0,0.9838628116362597
155,0.1,34.0,0.9875721592859767
156,0.1,34.0,0.9875721592859767
157,0.1,32.0,0.9770032081609812
158,0.1,33.0,0.982138786253221
159,0.1,33.0,0.9786410917253494
160,0.1,33.0,0.9832104727428514
161,0.1,32.0,0.9777222971390355
162,0.1,32.0,0.9751674590315741
163,0.1,33.0,0.9834229465896968
164,0.1,33.0,0.9820177260985608
165,0.1,34.0,0.9875721592859767
166,0.1,33.0,0.9820177260985608
167,0.1,32.0,0.9721833633484671
168,0.1,33.0,0.9832104727428514
169,0.1,33.0,0.9820390593397882
170,0.1,33.0,0.9809132176445814
171,0.1,33.0,0.9807686642514075
172,0.1,32.0,0.977698286711569
173,0.1,32.0,0.9770032081609812
174,0.1,32.0,0.9789201989685027
175,0.1,33.0,0.9815580609444122
176,0.1,32.0,0.9785165520963214
177,0.1,33.0,0.9832104727428514
178,0.1,33.0,0.9808797640397927
179,0.1,34.0,0.9875721592859767
180,0.1,33.0,0.9808406057123298
181,0.1,33.0,0.9820999285545846
182,0.1,33.0,0.9789162301549371
183,0.1,34.0,0.985116444270663
184,0.1,34.0,0.986385422389437
185,0.1,33.0,0.9832104727428514
186,0.1,33.0,0.9794719266917261
187,0.1,31.0,0.9737776929651057
188,0.1,34.0,0.9875721592859767
189,0.1,32.0,0.9758044416742735
190,0.1,33.0,0.9832104727428514
191,0.1,33.0,0.9734114264691792
192,0.1,33.0,0.9796496637948635
193,0.1,32.0,0.9773610149956578
194,0.1,33.0,0.9818376055070596
195,0.1,34.0,0.9875721592859767
196,0.1,34.0,0.9875721592859767
197,0.1,32.0,0.977698286711569
198,0.1,33.0,0.979593259163973
199,0.1,34.0,0.9863846525812618
200,0.15,29.0,0.9515255681479099
201,0.15,28.0,0.9515841238957667
202,0.15,31.0,0.9689260227339265
203,0.15,30.0,0.9625314431835442
204,0.15,30.0,0.9602925798255005
205,0.15,31.0,0.9692458196500476
206,0.15,32.0,0.96630709678842
207,0.15,29.0,0.95422223141297
208,0.15,28.0,0.9547594651168498
209,0.15,31.0,0.9670118495214827
210,0.15,31.0,0.9685490495883777
211,0.15,29.0,0.9549814326454169
212,0.15,30.0,0.9643349311923657
213,0.15,30.0,0.9612202884792886
214,0.15,29.0,0.9543537866129331
215,0.15,30.0,0.964500001612571
216,0.15,32.0,0.9741721072224696
217,0.15,29.0,0.9514717241082111
218,0.15,31.0,0.9638408517953511
219,0.15,30.0,0.9621905228814028
220,0.15,31.0,0.9609361209618432
221,0.15,30.0,0.959895042270598
222,0.15,31.0,0.9655132428954213
223,0.15,31.0,0.9637691767371888
224,0.15,29.0,0.9533260341952153
225,0.15,31.0,0.9685192930546486
226,0.15,32.0,0.9723609678607334
227,0.15,29.0,0.9571753394558369
228,0.15,30.0,0.9595154200139409
229,0.15,30.0,0.9601508378132008
230,0.15,29.0,0.9564144453662659
231,0.15,30.0,0.956659382346395
232,0.15,30.0,0.9611108136411644
233,0.15,29.0,0.9529672992806041
234,0.15,31.0,0.9602654931425314
235,0.15,29.0,0.9609522055955426
236,0.15,31.0,0.9692037740915802
237,0.15,30.0,0.9651892101182947
238,0.15,29.0,0.9536269663627978
239,0.15,30.0,0.9620563788484257
240,0.15,30.0,0.9605740968599362
241,0.15,31.0,0.9624958549302339
242,0.15,31.0,0.9709341920213608
243,0.15,29.0,0.9538017522108266
244,0.15,29.0,0.958871176456973
245,0.15,29.0,0.95156936964392
246,0.15,29.0,0.9576269558120227
247,0.15,32.0,0.9723835177932253
248,0.15,32.0,0.9710386531181381
249,0.15,30.0,0.9644472492645858
250,0.15,30.0,0.9642313195104238
251,0.15,30.0,0.9538866249401505
252,0.15,28.0,0.9542064830514463
253,0.15,30.0,0.9581691835311159
254,0.15,29.0,0.9511807559095393
255,0.15,30.0,0.9567450068578188
256,0.15,32.0,0.97013056472479
257,0.15,32.0,0.9709925278428254
258,0.15,31.0,0.9581245636701751
259,0.15,30.0,0.9623465176578483
260,0.15,29.0,0.9570680430473848
261,0.15,31.0,0.9673971124585484
262,0.15,28.0,0.9542651445529305
263,0.15,30.0,0.9654543631292622
264,0.15,31.0,0.9691916188370335
265,0.15,30.0,0.9648223271394631
266,0.15,29.0,0.9615196657276385
267,0.15,30.0,0.9603461087525683
268,0.15,30.0,0.9650103898303038
269,0.15,29.0,0.9579161770607281
270,0.15,29.0,0.9556047092953284
271,0.15,30.0,0.9618396798780047
272,0.15,29.0,0.952652464755549
273,0.15,30.0,0.9637576611158223
274,0.15,29.0,0.9586454036238706
275,0.15,29.0,0.9553040916975293
276,0.15,29.0,0.9548162748200606
277,0.15,30.0,0.9621709973245307
278,0.15,30.0,0.9648732330385285
279,0.15,29.0,0.9558179258918882
280,0.15,31.0,0.9633820138829414
281,0.15,31.0,0.9677575539606761
282,0.15,31.0,0.9663570084619094
283,0.15,30.0,0.9622044340077693
284,0.15,32.0,0.9733674975643819
285,0.15,29.0,0.9579634949961822
286,0.15,30.0,0.9588902664305545
287,0.15,31.0,0.9700970771085862
288,0.15,30.0,0.960392144928025
289,0.15,29.0,0.9568398850381995
290,0.15,32.0,0.9722043118977117
291,0.15,30.0,0.9625680711207171
292,0.15,28.0,0.9509352722605403
293,0.15,31.0,0.9709341920213608
294,0.15,30.0,0.9648223271394631
295,0.15,28.0,0.9445656393259646
296,0.15,29.0,0.9554527322862861
297,0.15,31.0,0.9663683415824112
298,0.15,30.0,0.9602352173768631
299,0.15,31.0,0.9694108168089619
300,0.2,28.0,0.9265358645328018
301,0.2,29.0,0.9230698704944041
302,0.2,28.0,0.9313954403069278
303,0.2,27.0,0.918521920128629
304,0.2,28.0,0.930208837717212
305,0.2,29.0,0.9313905295978699
306,0.2,29.0,0.9336509134101351
307,0.2,28.0,0.9206419731950459
308,0.2,30.0,0.9426249753992669
309,0.2,28.0,0.9257802664788374
310,0.2,28.0,0.9206891157618058
311,0.2,28.0,0.9300962873114645
312,0.2,28.0,0.9235583688571365
313,0.2,29.0,0.9336551905346894
314,0.2,27.0,0.9172331872156181
315,0.2,27.0,0.9197325677417154
316,0.2,27.0,0.9178199018722263
317,0.2,28.0,0.9320345762028537
318,0.2,28.0,0.9245177717617542
319,0.2,29.0,0.9362911015855011
320,0.2,27.0,0.9202944763829437
321,0.2,28.0,0.9324714257794643
322,0.2,30.0,0.9369074034690023
323,0.2,28.0,0.9214854812272721
324,0.2,28.0,0.9297834182678143
325,0.2,26.0,0.9187406344498248
326,0.2,30.0,0.9380582956601812
327,0.2,30.0,0.940708380736421
328,0.2,27.0,0.9216402605990994
329,0.2,28.0,0.9245484109662605
330,0.2,30.0,0.9359649146022291
331,0.2,29.0,0.93246528391592
332,0.2,28.0,0.9288520308779301
333,0.2,29.0,0.9266830219179242
334,0.2,27.0,0.926922524196757
335,0.2,26.0,0.9117410681337785
336,0.2,28.0,0.9284535143547699
337,0.2,28.0,0.9342531366391611
338,0.2,28.0,0.9339911470138523
339,0.2,29.0,0.9382715263599547
340,0.2,28.0,0.9232625069132352
341,0.2,28.0,0.9299511284491203
342,0.2,29.0,0.9407155081855268
343,0.2,29.0,0.9234990355275087
344,0.2,29.0,0.924376246002137
345,0.2,28.0,0.927258301478765
346,0.2,28.0,0.9344678266186689
347,0.2,28.0,0.9074336349566468
348,0.2,28.0,0.9224638374190303
349,0.2,30.0,0.9416281879377998
350,0.2,28.0,0.9247378425460708
351,0.2,29.0,0.9335758084479899
352,0.2,29.0,0.9268416580049536
353,0.2,28.0,0.9360303021043506
354,0.2,28.0,0.9250448543756491
355,0.2,26.0,0.9219583989245943
356,0.2,28.0,0.9273614380686537
357,0.2,29.0,0.9310511269747528
358,0.2,28.0,0.9311972398422255
359,0.2,28.0,0.9238687709780928
360,0.2,29.0,0.930639962827122
361,0.2,27.0,0.9189879765137842
362,0.2,27.0,0.9225859420826408
363,0.2,29.0,0.9285910989898352
364,0.2,27.0,0.9219338381954
365,0.2,28.0,0.9337908664619127
366,0.2,29.0,0.9277507579762125
367,0.2,28.0,0.9269291711282206
368,0.2,28.0,0.9336574293845465
369,0.2,29.0,0.9329930613361654
370,0.2,27.0,0.9267874445222205
371,0.2,28.0,0.9179002351018043
372,0.2,27.0,0.9115968499229138
373,0.2,27.0,0.915493036045776
374,0.2,28.0,0.9221364161654114
375,0.2,28.0,0.9195140501168892
376,0.2,29.0,0.9302162823050006
377,0.2,27.0,0.916616569071247
378,0.2,28.0,0.9215606915142687
379,0.2,28.0,0.9210594701838994
380,0.2,27.0,0.914477924041697
381,0.2,28.0,0.9218931059734586
382,0.2,28.0,0.9254950398988141
383,0.2,29.0,0.9357149198136083
384,0.2,29.0,0.9357699412754635
385,0.2,28.0,0.9345388726932852
386,0.2,27.0,0.9131840400543206
387,0.2,26.0,0.916952841627346
388,0.2,29.0,0.9197362457543519
389,0.2,28.0,0.921236262161069
390,0.2,28.0,0.919556436441602
391,0.2,28.0,0.9245329898287292
392,0.2,27.0,0.9229685538194827
393,0.2,28.0,0.9186271427551139
394,0.2,29.0,0.9274476377066672
395,0.2,28.0,0.9304871964959036
396,0.2,29.0,0.9315680694761818
397,0.2,29.0,0.9319100950725774
398,0.2,28.0,0.9270714349300992
399,0.2,28.0,0.936529070878122
400,0.25,23.0,0.8480429546783891
401,0.25,25.0,0.8645893760001738
402,0.25,24.0,0.8648068187636163
403,0.25,27.0,0.8914186754968264
404,0.25,26.0,0.8783200729311623
405,0.25,24.0,0.8615753438457663
406,0.25,23.0,0.8651507520927048
407,0.25,26.0,0.8854398984722125
408,0.25,25.0,0.8709984993030255
409,0.25,25.0,0.8785643708366973
410,0.25,25.0,0.8677672349840523
411,0.25,27.0,0.8957005931619012
412,0.25,24.0,0.8779670989682379
413,0.25,24.0,0.8575128512946031
414,0.25,27.0,0.8996197893109625
415,0.25,25.0,0.8740311436537287
416,0.25,25.0,0.8871241421199231
417,0.25,26.0,0.8924156425721645
418,0.25,25.0,0.872453634263837
419,0.25,26.0,0.8802999221421948
420,0.25,26.0,0.892558644385571
421,0.25,26.0,0.8881587786715576
422,0.25,25.0,0.8791913453856315
423,0.25,24.0,0.8677121131122725
424,0.25,26.0,0.8773329022804163
425,0.25,24.0,0.8721643543008136
426,0.25,24.0,0.8708063900706339
427,0.25,25.0,0.86912233234761
428,0.25,25.0,0.8679185140807165
429,0.25,25.0,0.8709235488179077
430,0.25,26.0,0.8902172793642417
431,0.25,27.0,0.8826032230425814
432,0.25,25.0,0.8785032994825012
433,0.25,25.0,0.8712040507988593
434,0.25,26.0,0.8773009393368134
435,0.25,25.0,0.878338485386766
436,0.25,26.0,0.863620750687617
437,0.25,24.0,0.8694259156628356
438,0.25,26.0,0.8786693967649623
439,0.25,25.0,0.8730829233391748
440,0.25,25.0,0.8762330226277532
441,0.25,26.0,0.8794114953801013
442,0.25,25.0,0.8673388063030977
443,0.25,25.0,0.8796143929264019
444,0.25,24.0,0.8722396348150355
445,0.25,24.0,0.8733555446786062
446,0.25,25.0,0.8742507705342335
447,0.25,26.0,0.8817875750484329
448,0.25,26.0,0.8875033692794088
449,0.25,25.0,0.8779793073010823
450,0.25,25.0,0.8696669881894972
451,0.25,24.0,0.8601005815995868
452,0.25,23.0,0.861148838320171
453,0.25,25.0,0.8728327820849782
454,0.25,25.0,0.867464830278241
455,0.25,25.0,0.8895501343054375
456,0.25,24.0,0.8845770718199686
457,0.25,27.0,0.891246814794688
458,0.25,26.0,0.8818593787076991
459,0.25,25.0,0.8884848797400969
460,0.25,26.0,0.8863218651972836
461,0.25,24.0,0.8701562607251924
462,0.25,24.0,0.8560563465774601
463,0.25,26.0,0.8779453453225476
464,0.25,25.0,0.8672638942376564
465,0.25,25.0,0.87816860947633
466,0.25,25.0,0.8660345485662083
467,0.25,25.0,0.8751317308038522
468,0.25,24.0,0.8758620430444285
469,0.25,27.0,0.8639837095551782
470,0.25,23.0,0.8687729152695466
471,0.25,23.0,0.8543025203715745
472,0.25,24.0,0.8626461277061869
473,0.25,27.0,0.8808367788360265
474,0.25,26.0,0.8828952908311046
475,0.25,26.0,0.8765117676286959
476,0.25,26.0,0.8833102346022489
477,0.25,25.0,0.8862386736377093
478,0.25,27.0,0.8903859027203889
479,0.25,24.0,0.8617907669930948
480,0.25,25.0,0.8743055451631407
481,0.25,25.0,0.8821389944000989
482,0.25,24.0,0.8726860471913165
483,0.25,24.0,0.8606313972651142
484,0.25,25.0,0.8695045305429908
485,0.25,25.0,0.8821530075207931
486,0.25,24.0,0.857441992368245
487,0.25,24.0,0.8631817601354352
488,0.25,26.0,0.8790600627625821
489,0.25,28.0,0.8936533955617185
490,0.25,23.0,0.8647638039843714
491,0.25,26.0,0.8836528416952194
492,0.25,24.0,0.8602083987421603
493,0.25,24.0,0.8671916227448812
494,0.25,25.0,0.8659654016170866
495,0.25,25.0,0.88639702769878
496,0.25,26.0,0.8876106383879188
497,0.25,24.0,0.863605850808407
498,0.25,26.0,0.8946853114996469
499,0.25,25.0,0.8649281326106607
500,0.3,24.0,0.7865980946792744
501,0.3,23.0,0.7760670445899043
502,0.3,23.0,0.7750309760167895
503,0.3,25.0,0.7976750084131732
504,0.3,25.0,0.7990772161603753
505,0.3,24.0,0.7840316725024087
506,0.3,24.0,0.781810999762814
507,0.3,23.0,0.7718825869210597
508,0.3,23.0,0.7708209667764362
509,0.3,24.0,0.7711839285464758
510,0.3,23.0,0.7530224469892624
511,0.3,23.0,0.7750562621563926
512,0.3,25.0,0.7880302143846561
513,0.3,23.0,0.770720348439702
514,0.3,24.0,0.751771574187339
515,0.3,23.0,0.7788629097677686
516,0.3,24.0,0.7780093607911391
517,0.3,22.0,0.7583973911353618
518,0.3,25.0,0.7751828801489773
519,0.3,21.0,0.7670430099943827
520,0.3,23.0,0.7782612410783886
521,0.3,25.0,0.7817466268924291
522,0.3,23.0,0.7759842544445632
523,0.3,22.0,0.7691780751073375
524,0.3,25.0,0.7823399071487215
525,0.3,24.0,0.7749765104234223
526,0.3,23.0,0.7496971807070563
527,0.3,24.0,0.7895002414200755
528,0.3,23.0,0.7772861139191971
529,0.3,24.0,0.7779646550822632
530,0.3,22.0,0.7540479984973785
531,0.3,22.0,0.763744273336546
532,0.3,26.0,0.7960551737129099
533,0.3,24.0,0.7752400376029073
534,0.3,24.0,0.777522405882491
535,0.3,23.0,0.7735847609966061
536,0.3,22.0,0.7700094247081639
537,0.3,23.0,0.7619369710939433
538,0.3,21.0,0.7611597784304495
539,0.3,25.0,0.7819251889475528
540,0.3,24.0,0.7828104006138855
541,0.3,21.0,0.7747923007987566
542,0.3,24.0,0.7789470365405297
543,0.3,25.0,0.796975041966267
544,0.3,23.0,0.7773151870153945
545,0.3,22.0,0.7689456007489679
546,0.3,24.0,0.7798618754151132
547,0.3,25.0,0.7826905156565152
548,0.3,24.0,0.7718151056878437
549,0.3,24.0,0.7854675315511279
550,0.3,25.0,0.7881373642365275
551,0.3,23.0,0.7756360634243837
552,0.3,24.0,0.7936991287964684
553,0.3,22.0,0.766022414051421
554,0.3,23.0,0.767150371260456
555,0.3,24.0,0.7851765423515917
556,0.3,23.0,0.7724224208273432
557,0.3,22.0,0.7774116432104292
558,0.3,25.0,0.7930271333904261
559,0.3,24.0,0.7845578666905809
560,0.3,25.0,0.7892258704577532
561,0.3,25.0,0.7803679577151595
562,0.3,23.0,0.7701928349505388
563,0.3,26.0,0.7946913930087522
564,0.3,24.0,0.781462571984621
565,0.3,25.0,0.7913236700992408
566,0.3,24.0,0.7632687341226259
567,0.3,25.0,0.7836204109596332
568,0.3,25.0,0.7971892081280136
569,0.3,25.0,0.8017222555971587
570,0.3,24.0,0.7757110463361225
571,0.3,22.0,0.7713419591016865
572,0.3,26.0,0.7884584822056897
573,0.3,23.0,0.7569669089571719
574,0.3,24.0,0.7795598284364004
575,0.3,23.0,0.7762740104774045
576,0.3,23.0,0.7715092189828124
577,0.3,23.0,0.7805059693051477
578,0.3,26.0,0.7933475890405681
579,0.3,22.0,0.7623399270888478
580,0.3,24.0,0.787014941636102
581,0.3,23.0,0.778784036229387
582,0.3,25.0,0.7905316780821077
583,0.3,23.0,0.7786966720987663
584,0.3,24.0,0.7902041421291355
585,0.3,23.0,0.7832167279618334
586,0.3,25.0,0.7822759016388311
587,0.3,25.0,0.7924044202882049
588,0.3,24.0,0.7804744113391316
589,0.3,24.0,0.7886148265622682
590,0.3,24.0,0.7945053092482228
591,0.3,23.0,0.7704862704279244
592,0.3,22.0,0.7602813795489981
593,0.3,26.0,0.7863256083266223
594,0.3,26.0,0.7933936671332895
595,0.3,23.0,0.771354926462543
596,0.3,23.0,0.7577800658012926
597,0.3,23.0,0.7685684634764524
598,0.3,25.0,0.7843207498714962
599,0.3,26.0,0.7915855527006582
600,0.35,23.0,0.7084376914286092
601,0.35,22.0,0.6905387103805254
602,0.35,23.0,0.7234539369046444
603,0.35,23.0,0.6976213820574645
604,0.35,21.0,0.6862131532771929
605,0.35,22.0,0.6961600369059195
606,0.35,23.0,0.6932738232850448
607,0.35,23.0,0.7187886842852323
608,0.35,23.0,0.6949621119814751
609,0.35,22.0,0.6865586155574855
610,0.35,22.0,0.7002156078016935
611,0.35,22.0,0.6955033855186223
612,0.35,24.0,0.7014656808847429
613,0.35,23.0,0.6874448083371173
614,0.35,21.0,0.6999686766131865
615,0.35,22.0,0.691296845385633
616,0.35,23.0,0.7001036599227183
617,0.35,20.0,0.6800076177443185
618,0.35,25.0,0.7318302758525818
619,0.35,22.0,0.6977810325610464
620,0.35,23.0,0.7086650130754966
621,0.35,23.0,0.705092865284456
622,0.35,21.0,0.6950949497093666
623,0.35,24.0,0.7078137080988177
624,0.35,23.0,0.6987892418395789
625,0.35,21.0,0.7022551989778982
626,0.35,23.0,0.7011073979561877
627,0.35,21.0,0.674119868322822
628,0.35,20.0,0.6874573502698906
629,0.35,21.0,0.6922009660729033
630,0.35,21.0,0.6851068137328928
631,0.35,25.0,0.7150817308530569
632,0.35,23.0,0.7038738742878673
633,0.35,22.0,0.71077609532745
634,0.35,22.0,0.7084051219511279
635,0.35,23.0,0.717695694564571
636,0.35,21.0,0.6862613765466571
637,0.35,25.0,0.7201031428213113
638,0.35,22.0,0.693476951549651
639,0.35,22.0,0.706009685404729
640,0.35,20.0,0.6551753481427738
641,0.35,21.0,0.6950808466106483
642,0.35,22.0,0.7092832043349516
643,0.35,22.0,0.6894796317409466
644,0.35,21.0,0.6998589439075047
645,0.35,24.0,0.6991656819551324
646,0.35,21.0,0.7061194205581597
647,0.35,23.0,0.7134827567510283
648,0.35,23.0,0.70685248923543
649,0.35,20.0,0.6753106792550143
650,0.35,23.0,0.7036781263523837
651,0.35,22.0,0.696384059903571
652,0.35,22.0,0.7088274927826111
653,0.35,23.0,0.7106758715538126
654,0.35,21.0,0.6857237193664618
655,0.35,22.0,0.672777063355731
656,0.35,23.0,0.7113889513673918
657,0.35,22.0,0.7186904453162452
658,0.35,22.0,0.6977196128207399
659,0.35,22.0,0.697572068489529
660,0.35,22.0,0.703654303345903
661,0.35,23.0,0.7041578760051294
662,0.35,21.0,0.691311394248096
663,0.35,21.0,0.6964339989525355
664,0.35,21.0,0.7090343230656958
665,0.35,24.0,0.6932330790094369
666,0.35,23.0,0.691648961768913
667,0.35,24.0,0.7250217156946273
668,0.35,22.0,0.6909639344835855
669,0.35,22.0,0.7032961492263599
670,0.35,23.0,0.7043461804266608
671,0.35,23.0,0.6989939764447953
672,0.35,20.0,0.6779315391155074
673,0.35,26.0,0.7432601062257281
674,0.35,21.0,0.6878848178842957
675,0.35,21.0,0.7082922132569255
676,0.35,22.0,0.7142858494725146
677,0.35,23.0,0.6948832336438919
678,0.35,20.0,0.6777875044787519
679,0.35,23.0,0.7003046912068891
680,0.35,22.0,0.697928069458543
681,0.35,22.0,0.6863444912087937
682,0.35,21.0,0.7000862837862546
683,0.35,20.0,0.6973606980970982
684,0.35,25.0,0.704832255992244
685,0.35,22.0,0.6878086635527519
686,0.35,21.0,0.7042785916628393
687,0.35,22.0,0.7006442868544781
688,0.35,21.0,0.7004647936784822
689,0.35,23.0,0.7196242382445863
690,0.35,21.0,0.7067737659891707
691,0.35,22.0,0.7065830465113652
692,0.35,19.0,0.6708982219962327
693,0.35,23.0,0.709881481698708
694,0.35,22.0,0.6996438156179672
695,0.35,24.0,0.7178534319600149
696,0.35,23.0,0.7018042126742375
697,0.35,23.0,0.7002783204641909
698,0.35,22.0,0.691406892762221
699,0.35,23.0,0.7128892920473907
700,0.4,19.0,0.5844940035163579
701,0.4,19.0,0.5872055653591944
702,0.4,17.0,0.5858331081054712
703,0.4,19.0,0.5621510702485449
704,0.4,18.0,0.5566892655224558
705,0.4,19.0,0.6000758018747072
706,0.4,17.0,0.5612168377266279
707,0.4,16.0,0.5490199431367293
708,0.4,19.0,0.5847150543421291
709,0.4,15.0,0.5487286052529838
710,0.4,20.0,0.595249909315306
711,0.4,16.0,0.5637850187334269
712,0.4,20.0,0.5903434925241672
713,0.4,16.0,0.5618157396413364
714,0.4,19.0,0.6026065136911268
715,0.4,18.0,0.5959300766153257
716,0.4,18.0,0.5778421532386889
717,0.4,20.0,0.6030214376173126
718,0.4,18.0,0.569865302775042
719,0.4,20.0,0.5805794495672232
720,0.4,18.0,0.574910639912994
721,0.4,18.0,0.5902080434721018
722,0.4,19.0,0.5996165307040202
723,0.4,17.0,0.5551932064499899
724,0.4,19.0,0.5755102598701229
725,0.4,18.0,0.5632645470052663
726,0.4,19.0,0.5780551236316714
727,0.4,19.0,0.5899792428326122
728,0.4,20.0,0.6120109370005965
729,0.4,20.0,0.6000661108865023
730,0.4,15.0,0.5183885843426925
731,0.4,17.0,0.5654444899361352
732,0.4,16.0,0.5364613324820889
733,0.4,19.0,0.5895431517593831
734,0.4,18.0,0.5805267197419385
735,0.4,16.0,0.5602395056289214
736,0.4,19.0,0.5796018992536448
737,0.4,17.0,0.549101512367813
738,0.4,17.0,0.5697475196952531
739,0.4,20.0,0.5947666154327197
740,0.4,17.0,0.5725762986936626
741,0.4,20.0,0.5903528815635161
742,0.4,18.0,0.5737548415855924
743,0.4,19.0,0.6052105319563472
744,0.4,18.0,0.5692602000486507
745,0.4,19.0,0.5916618599477578
746,0.4,18.0,0.5988701180802319
747,0.4,18.0,0.5608961017821392
748,0.4,17.0,0.5573440760906694
749,0.4,18.0,0.5704140142864246
750,0.4,18.0,0.5733857661004704
751,0.4,18.0,0.5734269324113004
752,0.4,16.0,0.5549301323437623
753,0.4,18.0,0.5641517314817295
754,0.4,16.0,0.549157732012927
755,0.4,16.0,0.550235947252375
756,0.4,20.0,0.5692961247313095
757,0.4,18.0,0.5593539190093504
758,0.4,16.0,0.5771994135230185
759,0.4,18.0,0.5761021038841837
760,0.4,19.0,0.5849816781679431
761,0.4,20.0,0.5844063694616002
762,0.4,19.0,0.5995922170666561
763,0.4,17.0,0.5562049234018782
764,0.4,18.0,0.5586486433236391
765,0.4,19.0,0.584162537710344
766,0.4,18.0,0.559535340222723
767,0.4,18.0,0.5792262593128806
768,0.4,18.0,0.5762767469089048
769,0.4,20.0,0.573804398143697
770,0.4,17.0,0.5621282612575329
771,0.4,16.0,0.5336480876022842
772,0.4,17.0,0.5577638643851719
773,0.4,18.0,0.5616640552110694
774,0.4,19.0,0.5811916283682588
775,0.4,19.0,0.5787415476646208
776,0.4,18.0,0.5818824563587174
777,0.4,19.0,0.5736057391613442
778,0.4,20.0,0.575836460016108
779,0.4,18.0,0.576730103456517
780,0.4,19.0,0.5849551045159933
781,0.4,18.0,0.5830439930466502
782,0.4,19.0,0.5669832565289322
783,0.4,18.0,0.5857868865397269
784,0.4,18.0,0.5552949915987252
785,0.4,19.0,0.5825481984882067
786,0.4,18.0,0.5707533325101842
787,0.4,17.0,0.5517192026570167
788,0.4,19.0,0.5857868809211813
789,0.4,18.0,0.5765674702403645
790,0.4,17.0,0.5509674332658809
791,0.4,17.0,0.5457658080356319
792,0.4,18.0,0.57523020360474
793,0.4,19.0,0.567271618980577
794,0.4,20.0,0.6033806258204139
795,0.4,18.0,0.5633595735533159
796,0.4,21.0,0.6024407608507559
797,0.4,19.0,0.5863633806631242
798,0.4,18.0,0.5894017500335619
799,0.4,19.0,0.5840423247975345
800,0.45,18.0,0.4789697946860807
801,0.45,17.0,0.48358911312861147
802,0.45,17.0,0.4770995625541746
803,0.45,16.0,0.4847680347985195
804,0.45,17.0,0.48480062131726365
805,0.45,17.0,0.4945206082548139
806,0.45,16.0,0.4660088064086206
807,0.45,17.0,0.4870137170817083
808,0.45,16.0,0.4376183579745714
809,0.45,20.0,0.5043881446848522
810,0.45,18.0,0.510002403753901
811,0.45,16.0,0.46383132524601345
812,0.45,16.0,0.4790249046107763
813,0.45,17.0,0.49543533055615063
814,0.45,17.0,0.4850984928960511
815,0.45,18.0,0.49785366324580116
816,0.45,17.0,0.5043293359381106
817,0.45,17.0,0.47971825261955103
818,0.45,17.0,0.46480040585528437
819,0.45,16.0,0.4752816491943046
820,0.45,18.0,0.4984951852655509
821,0.45,15.0,0.4715776104531777
822,0.45,17.0,0.5018787875723442
823,0.45,18.0,0.48677642363021384
824,0.45,16.0,0.48945305125316
825,0.45,17.0,0.48340843036535475
826,0.45,16.0,0.4834459758579075
827,0.45,17.0,0.4884105034508946
828,0.45,18.0,0.49788642560374047
829,0.45,17.0,0.490509417288927
830,0.45,17.0,0.4804228746605057
831,0.45,18.0,0.5027211789839393
832,0.45,18.0,0.4995920358662752
833,0.45,15.0,0.45762570734887836
834,0.45,18.0,0.4919173457344205
835,0.45,16.0,0.4622880482284309
836,0.45,16.0,0.4520912412048099
837,0.45,16.0,0.4696313625302781
838,0.45,18.0,0.49752172775464765
839,0.45,16.0,0.4538454360830064
840,0.45,18.0,0.4955091430249011
841,0.45,16.0,0.48389330392334495
842,0.45,17.0,0.49112316357234115
843,0.45,17.0,0.4967867813912509
844,0.45,18.0,0.5081600846376673
845,0.45,19.0,0.5192531200503862
846,0.45,17.0,0.48108328713996307
847,0.45,18.0,0.5083658219852224
848,0.45,19.0,0.5061320168940238
849,0.45,17.0,0.4884235196430282
850,0.45,18.0,0.47927300331925654
851,0.45,17.0,0.4744206231233941
852,0.45,19.0,0.5035204722277089
853,0.45,16.0,0.48808979844820044
854,0.45,19.0,0.46206501668782085
855,0.45,16.0,0.4774134197826564
856,0.45,16.0,0.47579385786790646
857,0.45,18.0,0.48893303334302174
858,0.45,19.0,0.5188344746258291
859,0.45,17.0,0.4429773601690767
860,0.45,16.0,0.46893374739750665
861,0.45,19.0,0.5135783547632707
862,0.45,18.0,0.4837963822841497
863,0.45,18.0,0.48642129333415596
864,0.45,16.0,0.48766378045943826
865,0.45,17.0,0.4561631041147591
866,0.45,17.0,0.4653235807388796
867,0.45,17.0,0.4853382170799276
868,0.45,19.0,0.5278788995295888
869,0.45,17.0,0.5019341829260603
870,0.45,16.0,0.481266637588666
871,0.45,16.0,0.46286855211008093
872,0.45,17.0,0.48164263400794377
873,0.45,15.0,0.46164070394283946
874,0.45,17.0,0.4802445328268042
875,0.45,17.0,0.4754315381855607
876,0.45,16.0,0.46383082981058216
877,0.45,17.0,0.4663192740785562
878,0.45,18.0,0.5098975566168064
879,0.45,17.0,0.4751599100435136
880,0.45,18.0,0.48307969750998725
881,0.45,19.0,0.523861047384052
882,0.45,19.0,0.5131852106814987
883,0.45,17.0,0.4930201335656
884,0.45,17.0,0.48669121687458994
885,0.45,15.0,0.4656753018642727
886,0.45,16.0,0.48461539049008023
887,0.45,18.0,0.4876308677490372
888,0.45,17.0,0.4926286758951524
889,0.45,17.0,0.473349153528142
890,0.45,17.0,0.5020257328952282
891,0.45,16.0,0.4714879000915889
892,0.45,18.0,0.49565770153722055
893,0.45,15.0,0.47292147532346196
894,0.45,18.0,0.4716916588648476
895,0.45,17.0,0.49680866202430934
896,0.45,18.0,0.49599310836971366
897,0.45,18.0,0.46289841754170563
898,0.45,18.0,0.5097317168962474
899,0.45,18.0,0.5095974731192733
900,0.5,17.0,0.39866743591583553
901,0.5,18.0,0.4721765772128801
902,0.5,16.0,0.37081931887305414
903,0.5,17.0,0.4183288867719434
904,0.5,17.0,0.43775155980827896
905,0.5,16.0,0.4115053760378148
906,0.5,18.0,0.42953403943186225
907,0.5,18.0,0.41256792231154643
908,0.5,18.0,0.44533268134703924
909,0.5,18.0,0.4174473682546778
910,0.5,15.0,0.38576761646260155
911,0.5,16.0,0.4111738519170598
912,0.5,17.0,0.3953721763199318
913,0.5,16.0,0.3822894673698204
914,0.5,18.0,0.4169514784034226
915,0.5,15.0,0.3879937075253193
916,0.5,15.0,0.38012936223618143
917,0.5,16.0,0.40833142437270864
918,0.5,18.0,0.4278942591414664
919,0.5,16.0,0.39540138592458374
920,0.5,18.0,0.41649311246804566
921,0.5,16.0,0.41337141617165335
922,0.5,19.0,0.42699206240332616
923,0.5,16.0,0.4031301743235689
924,0.5,18.0,0.4259212145845483
925,0.5,18.0,0.3885803580083849
926,0.5,16.0,0.4178115678703642
927,0.5,17.0,0.43669679760854946
928,0.5,16.0,0.41377103377217517
929,0.5,17.0,0.4073377310144864
930,0.5,17.0,0.427927327235806
931,0.5,17.0,0.41544785575794047
932,0.5,17.0,0.4043709405061723
933,0.5,17.0,0.4062036500889957
934,0.5,18.0,0.4294443567961988
935,0.5,19.0,0.42802481233141826
936,0.5,16.0,0.4041141996623114
937,0.5,18.0,0.41633017156335966
938,0.5,16.0,0.4175410293601132
939,0.5,18.0,0.42198503523131653
940,0.5,16.0,0.42110227519827
941,0.5,17.0,0.4286916924825532
942,0.5,17.0,0.4364975346950173
943,0.5,17.0,0.4283068281911349
944,0.5,16.0,0.4131230082231356
945,0.5,16.0,0.38364052063938464
946,0.5,18.0,0.443420837729771
947,0.5,18.0,0.42974090341905574
948,0.5,16.0,0.40819348841687664
949,0.5,17.0,0.42123610572711556
950,0.5,18.0,0.43559056999827445
951,0.5,17.0,0.41942366180194546
952,0.5,18.0,0.44369372731311085
953,0.5,15.0,0.3802256087766937
954,0.5,18.0,0.4071825131983035
955,0.5,18.0,0.44683092591047424
956,0.5,17.0,0.42367028672667933
957,0.5,17.0,0.4118164618689985
958,0.5,17.0,0.4276334425606504
959,0.5,17.0,0.4386960022912971
960,0.5,17.0,0.42578242797470267
961,0.5,16.0,0.39277043565022507
962,0.5,20.0,0.4539873272306487
963,0.5,18.0,0.4142987178753376
964,0.5,17.0,0.4271543604975365
965,0.5,17.0,0.40510768559743443
966,0.5,17.0,0.4141116159137091
967,0.5,17.0,0.4103968838584028
968,0.5,18.0,0.3862486812897372
969,0.5,18.0,0.4154460241514848
970,0.5,20.0,0.42387345818511285
971,0.5,16.0,0.4057965738242908
972,0.5,16.0,0.41081435592856025
973,0.5,16.0,0.39384896460058
974,0.5,19.0,0.4302740622311683
975,0.5,16.0,0.41532528788185064
976,0.5,17.0,0.38566262678668956
977,0.5,16.0,0.39928470587455317
978,0.5,17.0,0.4047389920330015
979,0.5,15.0,0.40687031304805454
980,0.5,15.0,0.4155257029609211
981,0.5,20.0,0.44977322035966155
982,0.5,17.0,0.4252064118194797
983,0.5,16.0,0.41313372532220294
984,0.5,17.0,0.4089773018013859
985,0.5,16.0,0.39884537763179206
986,0.5,19.0,0.45166856931230076
987,0.5,16.0,0.4149663738472698
988,0.5,19.0,0.445992697345742
989,0.5,15.0,0.3982778135158486
990,0.5,16.0,0.42125339202602896
991,0.5,17.0,0.4059414275457461
992,0.5,19.0,0.4385414658631552
993,0.5,16.0,0.39748600410365414
994,0.5,17.0,0.40899232215729475
995,0.5,17.0,0.41742252712643374
996,0.5,17.0,0.415455183129081
997,0.5,17.0,0.4103421607036404
998,0.5,17.0,0.4201139147555184
999,0.5,17.0,0.4289538067471603
1000,0.55,13.0,0.28756015784091815
1001,0.55,12.0,0.27882817152768413
1002,0.55,14.0,0.2949572399631625
1003,0.55,15.0,0.27238388737845587
1004,0.55,15.0,0.30229035715941227
1005,0.55,14.0,0.279184127646818
1006,0.55,14.0,0.29016798801526206
1007,0.55,15.0,0.2999651730057927
1008,0.55,14.0,0.28875798368573374
1009,0.55,15.0,0.27750734604962574
1010,0.55,13.0,0.28160770144527464
1011,0.55,17.0,0.29752764506682794
1012,0.55,14.0,0.27432433706146986
1013,0.55,14.0,0.27403050564256265
1014,0.55,14.0,0.298513563565481
1015,0.55,14.0,0.2712561895874676
1016,0.55,14.0,0.28416442246155177
1017,0.55,13.0,0.26434498580989313
1018,0.55,14.0,0.2619364571688659
1019,0.55,14.0,0.27539633737082775
1020,0.55,14.0,0.267232404914006
1021,0.55,15.0,0.29655776772613174
1022,0.55,16.0,0.293710468493721
1023,0.55,14.0,0.28711400325203307
1024,0.55,13.0,0.2614891111130096
1025,0.55,13.0,0.27320548969960395
1026,0.55,13.0,0.2709785713960922
1027,0.55,15.0,0.2952836743852559
1028,0.55,15.0,0.2950625026502571
1029,0.55,15.0,0.3064616277631709
1030,0.55,13.0,0.26588836514055464
1031,0.55,14.0,0.287996056867186
1032,0.55,12.0,0.2551489422047113
1033,0.55,12.0,0.2933144724038955
1034,0.55,15.0,0.2931200666002541
1035,0.55,14.0,0.2717420366004057
1036,0.55,15.0,0.2683588075071511
1037,0.55,15.0,0.2968888446103375
1038,0.55,16.0,0.2982697224840731
1039,0.55,16.0,0.2961479982479134
1040,0.55,15.0,0.31091674814196535
1041,0.55,15.0,0.27885813296606243
1042,0.55,13.0,0.26932028234378796
1043,0.55,15.0,0.2899543490684767
1044,0.55,13.0,0.279588372626905
1045,0.55,13.0,0.28214213157494006
1046,0.55,14.0,0.30095366891952113
1047,0.55,14.0,0.2675274928786248
1048,0.55,14.0,0.28435020472885686
1049,0.55,14.0,0.3065251332655796
1050,0.55,13.0,0.2583186479840996
1051,0.55,13.0,0.28382833995521667
1052,0.55,14.0,0.2727861433689892
1053,0.55,12.0,0.2739475210336366
1054,0.55,12.0,0.28483715189574177
1055,0.55,13.0,0.2732916224192103
1056,0.55,15.0,0.2822393055092831
1057,0.55,14.0,0.2947777672074226
1058,0.55,13.0,0.298330994353033
1059,0.55,12.0,0.2790603539691327
1060,0.55,14.0,0.28948123263240594
1061,0.55,13.0,0.2791429169480466
1062,0.55,14.0,0.28200406262791167
1063,0.55,13.0,0.26441132208565765
1064,0.55,14.0,0.2799757591414048
1065,0.55,12.0,0.26471399428601355
1066,0.55,14.0,0.2618577958686349
1067,0.55,16.0,0.29655864938314824
1068,0.55,13.0,0.26274156731565096
1069,0.55,12.0,0.25679498702038595
1070,0.55,15.0,0.2883099512596891
1071,0.55,13.0,0.2937214372809813
1072,0.55,11.0,0.26458383704879157
1073,0.55,13.0,0.2687753400886045
1074,0.55,15.0,0.27841796757243226
1075,0.55,13.0,0.26050257837574514
1076,0.55,13.0,0.2967769850504673
1077,0.55,13.0,0.2898999601816946
1078,0.55,14.0,0.279451469142606
1079,0.55,15.0,0.2889903218407538
1080,0.55,14.0,0.294690088169691
1081,0.55,14.0,0.2704219332880756
1082,0.55,16.0,0.29712698900541695
1083,0.55,14.0,0.27665758264707224
1084,0.55,15.0,0.294664228409334
1085,0.55,13.0,0.2888492480510664
1086,0.55,11.0,0.24352374461373272
1087,0.55,14.0,0.28061189947557336
1088,0.55,13.0,0.2849223700909001
1089,0.55,15.0,0.2856530616777749
1090,0.55,15.0,0.29541175414937093
1091,0.55,14.0,0.2884333279361086
1092,0.55,15.0,0.2834868442931862
1093,0.55,15.0,0.29170711680963685
1094,0.55,13.0,0.27084833613483983
1095,0.55,14.0,0.2914537627217399
1096,0.55,13.0,0.26670127795223364
1097,0.55,13.0,0.25879822740827746
1098,0.55,13.0,0.2743115013727889
1099,0.55,14.0,0.28519764911575207
1100,0.6,16.0,0.23947207623184616
1101,0.6,16.0,0.24002587816770643
1102,0.6,16.0,0.23694523864683587
1103,0.6,16.0,0.22486202085365833
1104,0.6,13.0,0.22243921398381095
1105,0.6,14.0,0.2272949211838636
1106,0.6,16.0,0.24097519955357058
1107,0.6,14.0,0.20068107864166174
1108,0.6,15.0,0.2253266779303491
1109,0.6,11.0,0.20169357221965264
1110,0.6,15.0,0.24754866264997044
1111,0.6,13.0,0.1977734077052479
1112,0.6,15.0,0.21952243025917664
1113,0.6,15.0,0.23478390708502847
1114,0.6,15.0,0.2156728249479417
1115,0.6,14.0,0.20496995932546108
1116,0.6,13.0,0.21696584484996828
1117,0.6,14.0,0.2312103530968543
1118,0.6,14.0,0.22009396775179937
1119,0.6,14.0,0.22148952743531083
1120,0.6,15.0,0.2245661851841695
1121,0.6,15.0,0.21563443134494414
1122,0.6,14.0,0.22578056288989534
1123,0.6,16.0,0.24302829687049693
1124,0.6,16.0,0.22119747420248795
1125,0.6,15.0,0.2436267628484066
1126,0.6,15.0,0.22142043208532722
1127,0.6,16.0,0.24724442286578605
1128,0.6,14.0,0.2043239712770321
1129,0.6,15.0,0.23361777057422778
1130,0.6,14.0,0.22737216152617915
1131,0.6,16.0,0.24504182363045407
1132,0.6,14.0,0.20826951633380802
1133,0.6,13.0,0.2071945311538083
1134,0.6,13.0,0.2085237401053605
1135,0.6,14.0,0.20351050920973313
1136,0.6,15.0,0.22071590425026516
1137,0.6,15.0,0.2332292448333926
1138,0.6,13.0,0.2115034227459906
1139,0.6,16.0,0.24555725743723583
1140,0.6,12.0,0.2232860395721354
1141,0.6,13.0,0.24510826241167766
1142,0.6,14.0,0.21043725061533247
1143,0.6,16.0,0.23172286363152034
1144,0.6,17.0,0.2386154329261845
1145,0.6,15.0,0.214486497774263
1146,0.6,13.0,0.21479812662999714
1147,0.6,16.0,0.22245765211843788
1148,0.6,15.0,0.24182117868651015
1149,0.6,15.0,0.23010027501365266
1150,0.6,16.0,0.22441975481704265
1151,0.6,16.0,0.23136005319060204
1152,0.6,12.0,0.20128250316312016
1153,0.6,15.0,0.24016066540732595
1154,0.6,15.0,0.2151419759339488
1155,0.6,16.0,0.22889855402105305
1156,0.6,14.0,0.2203659974569957
1157,0.6,15.0,0.24729613494192423
1158,0.6,15.0,0.21715534857652738
1159,0.6,14.0,0.22541120178756696
1160,0.6,13.0,0.21834051301010393
1161,0.6,15.0,0.24161844169826338
1162,0.6,13.0,0.21070588956980263
1163,0.6,14.0,0.22536042337512294
1164,0.6,17.0,0.252321589245925
1165,0.6,15.0,0.22713020480663404
1166,0.6,15.0,0.22707645584573116
1167,0.6,13.0,0.2153058755531333
1168,0.6,13.0,0.22178845415629808
1169,0.6,15.0,0.2296930205988836
1170,0.6,13.0,0.21054062581238764
1171,0.6,14.0,0.22111867896999593
1172,0.6,15.0,0.21847009278179455
1173,0.6,15.0,0.2024586209041463
1174,0.6,14.0,0.23121855692701737
1175,0.6,14.0,0.2132397803369246
1176,0.6,14.0,0.2144372467779656
1177,0.6,16.0,0.24168332176836438
1178,0.6,13.0,0.24699258252517817
1179,0.6,15.0,0.2334359341045632
1180,0.6,16.0,0.23511780977995694
1181,0.6,14.0,0.20873752485912123
1182,0.6,16.0,0.22854605877275447
1183,0.6,16.0,0.22837725970013936
1184,0.6,15.0,0.21493229416984547
1185,0.6,14.0,0.22870335150776394
1186,0.6,13.0,0.20784854158153673
1187,0.6,12.0,0.22421242276910738
1188,0.6,14.0,0.21798405693865344
1189,0.6,14.0,0.23180001893413466
1190,0.6,14.0,0.21486917156694227
1191,0.6,14.0,0.20943389234286713
1192,0.6,13.0,0.23362834573406047
1193,0.6,15.0,0.223037617960309
1194,0.6,15.0,0.2215615750177875
1195,0.6,11.0,0.19117214158791201
1196,0.6,15.0,0.228423643570056
1197,0.6,16.0,0.2388499213483891
1198,0.6,15.0,0.22816212203753533
1199,0.6,14.0,0.23420697159901593
1200,0.65,14.0,0.15775338231492517
1201,0.65,15.0,0.16128836668315602
1202,0.65,13.0,0.154347280060393
1203,0.65,16.0,0.17466374283880792
1204,0.65,15.0,0.1847714510946284
1205,0.65,15.0,0.16819793825738868
1206,0.65,14.0,0.16227470042514291
1207,0.65,15.0,0.1685302541519347
1208,0.65,13.0,0.17081913969113058
1209,0.65,14.0,0.16850779320665088
1210,0.65,16.0,0.18577298828345068
1211,0.65,13.0,0.1579354708206582
1212,0.65,12.0,0.16427882793869703
1213,0.65,13.0,0.15849297322441555
1214,0.65,13.0,0.15940213756221494
1215,0.65,15.0,0.17574533828079078
1216,0.65,16.0,0.16397158286083494
1217,0.65,13.0,0.16151983674443401
1218,0.65,13.0,0.1524713708739771
1219,0.65,16.0,0.18427894472631762
1220,0.65,15.0,0.1818200220282194
1221,0.65,13.0,0.15680889013720622
1222,0.65,15.0,0.1698959026769773
1223,0.65,14.0,0.15514134506285984
1224,0.65,14.0,0.14541586052383826
1225,0.65,15.0,0.17417013204681367
1226,0.65,13.0,0.14956645282504044
1227,0.65,15.0,0.17461946165747363
1228,0.65,15.0,0.17321565873075512
1229,0.65,12.0,0.14038981424192007
1230,0.65,15.0,0.18051525102756893
1231,0.65,14.0,0.15050317736497848
1232,0.65,14.0,0.1795305542525616
1233,0.65,13.0,0.16805915390119525
1234,0.65,15.0,0.17844210210332295
1235,0.65,13.0,0.16258822383393945
1236,0.65,14.0,0.17766379026514742
1237,0.65,15.0,0.1801081724996219
1238,0.65,13.0,0.15267978575186356
1239,0.65,13.0,0.16616568462384526
1240,0.65,14.0,0.16015549037653895
1241,0.65,13.0,0.14661669702430188
1242,0.65,14.0,0.17292976747187228
1243,0.65,13.0,0.15102274127024878
1244,0.65,14.0,0.18021065884192347
1245,0.65,16.0,0.18740530452081147
1246,0.65,16.0,0.18817111413753893
1247,0.65,13.0,0.1533593470754287
1248,0.65,13.0,0.15318500788618217
1249,0.65,13.0,0.16099749553236004
1250,0.65,14.0,0.15817180931891572
1251,0.65,13.0,0.14747698863590913
1252,0.65,14.0,0.16592296725691436
1253,0.65,12.0,0.16164080921884988
1254,0.65,12.0,0.16984683021461547
1255,0.65,16.0,0.17419467015941437
1256,0.65,13.0,0.1656392997777692
1257,0.65,16.0,0.17650920106262655
1258,0.65,14.0,0.16538661168615787
1259,0.65,14.0,0.18075584481482518
1260,0.65,16.0,0.20035201142730216
1261,0.65,12.0,0.14592443557930662
1262,0.65,15.0,0.18037298267154345
1263,0.65,14.0,0.16306837456126833
1264,0.65,13.0,0.16330425925766606
1265,0.65,15.0,0.17067259595691744
1266,0.65,15.0,0.167241058977818
1267,0.65,15.0,0.18447093240334128
1268,0.65,14.0,0.1727772638211073
1269,0.65,13.0,0.17031993002026521
1270,0.65,14.0,0.16518804981735674
1271,0.65,14.0,0.16707530792902295
1272,0.65,15.0,0.19120803631484756
1273,0.65,12.0,0.16587210759410595
1274,0.65,15.0,0.18065675270778464
1275,0.65,15.0,0.16956990176808542
1276,0.65,14.0,0.15513014950093923
1277,0.65,11.0,0.14182003070628751
1278,0.65,14.0,0.1633647864611868
1279,0.65,14.0,0.16513114004491344
1280,0.65,12.0,0.1500417330325757
1281,0.65,15.0,0.17973431925178968
1282,0.65,14.0,0.16644116379195367
1283,0.65,18.0,0.1901878801704416
1284,0.65,13.0,0.15979265670760762
1285,0.65,12.0,0.14477058957909378
1286,0.65,16.0,0.16712229201056658
1287,0.65,13.0,0.15653988833485932
1288,0.65,14.0,0.17084648744687633
1289,0.65,16.0,0.17237645738442092
1290,0.65,15.0,0.17376302863623502
1291,0.65,16.0,0.18098498166171048
1292,0.65,13.0,0.1620817585853981
1293,0.65,14.0,0.16341379846879972
1294,0.65,15.0,0.1687523965969742
1295,0.65,13.0,0.15525510123804057
1296,0.65,14.0,0.17480791777266838
1297,0.65,16.0,0.18483650495039997
1298,0.65,15.0,0.1755946710985587
1299,0.65,14.0,0.17343015243207646
1300,0.7,16.0,0.1255918933508958
1301,0.7,16.0,0.13633781965079134
1302,0.7,16.0,0.14381543889605336
1303,0.7,16.0,0.13339003976030656
1304,0.7,15.0,0.15062853051042077
1305,0.7,16.0,0.14256442196488353
1306,0.7,16.0,0.14374853859321496
1307,0.7,18.0,0.16496813905232122
1308,0.7,16.0,0.13872703800653563
1309,0.7,16.0,0.14556371219028924
1310,0.7,17.0,0.14848037092929606
1311,0.7,14.0,0.12099473418307596
1312,0.7,14.0,0.14578655815062816
1313,0.7,15.0,0.1423721151162585
1314,0.7,19.0,0.17213460983218995
1315,0.7,15.0,0.1338546560256899
1316,0.7,16.0,0.13536473287635542
1317,0.7,17.0,0.1450907369041531
1318,0.7,17.0,0.1582937111594285
1319,0.7,15.0,0.13755028076664105
1320,0.7,14.0,0.1281532024886083
1321,0.7,14.0,0.12891372179528057
1322,0.7,16.0,0.12433517859644327
1323,0.7,15.0,0.13753940070452575
1324,0.7,18.0,0.14742416406374073
1325,0.7,17.0,0.14643744128350536
1326,0.7,15.0,0.13117004567838134
1327,0.7,16.0,0.12990261357863223
1328,0.7,15.0,0.1558498591279433
1329,0.7,17.0,0.15509236403453475
1330,0.7,15.0,0.1410238562473867
1331,0.7,16.0,0.1406700315998531
1332,0.7,16.0,0.13269965383526036
1333,0.7,13.0,0.11372898776896175
1334,0.7,16.0,0.13764334879729612
1335,0.7,16.0,0.1506771902931375
1336,0.7,17.0,0.1417320490896155
1337,0.7,16.0,0.14849372695834576
1338,0.7,14.0,0.14210241308539268
1339,0.7,15.0,0.13798619479588886
1340,0.7,17.0,0.14218735471410893
1341,0.7,16.0,0.15771569428553936
1342,0.7,15.0,0.13828018400656078
1343,0.7,16.0,0.15536183813681442
1344,0.7,16.0,0.14277061981917402
1345,0.7,15.0,0.12977670717556924
1346,0.7,17.0,0.13931413241588123
1347,0.7,15.0,0.14018199534491602
1348,0.7,17.0,0.14481718608748043
1349,0.7,17.0,0.14253612215399133
1350,0.7,16.0,0.14879265536020503
1351,0.7,15.0,0.13518870560790577
1352,0.7,17.0,0.13546671454739445
1353,0.7,17.0,0.14976680783729637
1354,0.7,16.0,0.13909622372127273
1355,0.7,17.0,0.16581862575090722
1356,0.7,14.0,0.1406388400626288
1357,0.7,18.0,0.15405337535697164
1358,0.7,15.0,0.13548275736133514
1359,0.7,12.0,0.11941599744005242
1360,0.7,18.0,0.15253537176236068
1361,0.7,15.0,0.13446648873115052
1362,0.7,14.0,0.13716771002433523
1363,0.7,16.0,0.14419078018648215
1364,0.7,17.0,0.15424166695171448
1365,0.7,15.0,0.1375575193298196
1366,0.7,18.0,0.16705472979489194
1367,0.7,17.0,0.15940644279080093
1368,0.7,16.0,0.15374517328229437
1369,0.7,16.0,0.15119991383434525
1370,0.7,16.0,0.15004146363688295
1371,0.7,16.0,0.15710570487256514
1372,0.7,16.0,0.14524734158107128
1373,0.7,17.0,0.13898934527644136
1374,0.7,17.0,0.13859046256785756
1375,0.7,15.0,0.13414682873952902
1376,0.7,14.0,0.129915859943583
1377,0.7,16.0,0.14071016760508678
1378,0.7,18.0,0.16251805813834233
1379,0.7,17.0,0.14182809250107017
1380,0.7,16.0,0.14919388511573028
1381,0.7,14.0,0.1227020720363441
1382,0.7,17.0,0.14847767716585014
1383,0.7,16.0,0.14559977502051677
1384,0.7,14.0,0.13698285397557758
1385,0.7,15.0,0.1274812375092213
1386,0.7,16.0,0.1404054103811291
1387,0.7,18.0,0.16276677735349648
1388,0.7,16.0,0.14282852940798565
1389,0.7,15.0,0.12373830553950899
1390,0.7,16.0,0.15234414870240268
1391,0.7,17.0,0.1408942447967768
1392,0.7,18.0,0.16663059292120685
1393,0.7,18.0,0.15429464056983205
1394,0.7,16.0,0.15087027477429524
1395,0.7,15.0,0.13498919269418808
1396,0.7,14.0,0.1310337122802994
1397,0.7,17.0,0.15487967691224325
1398,0.7,16.0,0.1426582786057957
1399,0.7,16.0,0.1435827543061433
1400,0.75,12.0,0.09907612345329787
1401,0.75,13.0,0.10377003161704541
1402,0.75,12.0,0.10160449808669693
1403,0.75,15.0,0.11561989935039295
1404,0.75,16.0,0.12396392867112178
1405,0.75,14.0,0.11276289248326857
1406,0.75,14.0,0.1163550403665143
1407,0.75,18.0,0.14765165177381975
1408,0.75,12.0,0.10823829706085306
1409,0.75,17.0,0.1393123538351447
1410,0.75,15.0,0.11847307031841338
1411,0.75,15.0,0.12747534078944295
1412,0.75,13.0,0.1058633166053285
1413,0.75,15.0,0.12807043546739377
1414,0.75,15.0,0.13481314605452163
1415,0.75,14.0,0.11430772574556143
1416,0.75,15.0,0.12455584540326523
1417,0.75,15.0,0.1269046499223902
1418,0.75,15.0,0.12422413365715906
1419,0.75,15.0,0.12677999837293602
1420,0.75,15.0,0.13037808638400006
1421,0.75,15.0,0.11668734926846548
1422,0.75,14.0,0.11696555068730939
1423,0.75,14.0,0.12193692383388982
1424,0.75,12.0,0.10512283248433907
1425,0.75,16.0,0.13226541972958833
1426,0.75,16.0,0.12987279680617672
1427,0.75,14.0,0.1052427852979395
1428,0.75,15.0,0.11977858757792287
1429,0.75,13.0,0.1125453769858873
1430,0.75,15.0,0.13816935965635657
1431,0.75,12.0,0.1125375742402333
1432,0.75,15.0,0.1172504520911788
1433,0.75,13.0,0.10732846658432138
1434,0.75,17.0,0.13637363924442708
1435,0.75,15.0,0.12497338916022233
1436,0.75,14.0,0.11112282461344898
1437,0.75,13.0,0.11435547832734834
1438,0.75,14.0,0.11249362178456032
1439,0.75,13.0,0.11662979937993098
1440,0.75,14.0,0.11177232906380452
1441,0.75,15.0,0.12767607148715815
1442,0.75,15.0,0.11931970741033544
1443,0.75,14.0,0.1257145742326117
1444,0.75,13.0,0.09841663107553893
1445,0.75,16.0,0.13392630937355038
1446,0.75,15.0,0.11944910282099694
1447,0.75,15.0,0.11694766001380304
1448,0.75,13.0,0.11048417829807781
1449,0.75,14.0,0.11654550943610759
1450,0.75,13.0,0.0965759170938677
1451,0.75,15.0,0.12089965733880872
1452,0.75,15.0,0.12438457250170207
1453,0.75,13.0,0.10355132613381089
1454,0.75,15.0,0.11588333073599225
1455,0.75,13.0,0.11655707849817729
1456,0.75,13.0,0.10958284170190541
1457,0.75,15.0,0.11999061021714727
1458,0.75,14.0,0.11503267537579083
1459,0.75,15.0,0.11754220989953645
1460,0.75,14.0,0.1092493211745297
1461,0.75,15.0,0.12347717313733342
1462,0.75,13.0,0.12294002331271553
1463,0.75,14.0,0.12501252605748245
1464,0.75,13.0,0.10862001402223936
1465,0.75,14.0,0.11850154106652383
1466,0.75,14.0,0.1159567988783568
1467,0.75,14.0,0.11926131221889984
1468,0.75,14.0,0.10934133070694647
1469,0.75,13.0,0.1109940548707547
1470,0.75,13.0,0.10173228220555891
1471,0.75,14.0,0.10872333960822507
1472,0.75,14.0,0.11643997172064555
1473,0.75,14.0,0.11607234304166673
1474,0.75,16.0,0.12634389153659392
1475,0.75,16.0,0.1275129925137029
1476,0.75,14.0,0.11394863975436405
1477,0.75,16.0,0.13507789902498962
1478,0.75,15.0,0.11543723895958599
1479,0.75,16.0,0.1313770098731602
1480,0.75,16.0,0.13746288524853453
1481,0.75,14.0,0.11385617673630702
1482,0.75,16.0,0.13596113243317717
1483,0.75,13.0,0.11549522371445615
1484,0.75,13.0,0.10903530993215645
1485,0.75,14.0,0.1267694624423228
1486,0.75,14.0,0.11633713616953399
1487,0.75,14.0,0.11825556413477996
1488,0.75,14.0,0.11713135635941432
1489,0.75,14.0,0.1208361343627507
1490,0.75,14.0,0.12190673106176719
1491,0.75,15.0,0.1243796231769369
1492,0.75,14.0,0.11759350852275507
1493,0.75,14.0,0.11806586560387672
1494,0.75,15.0,0.12368834634774414
1495,0.75,13.0,0.10493729705459547
1496,0.75,14.0,0.12008694751979142
1497,0.75,13.0,0.10581088711572632
1498,0.75,14.0,0.11494101621776158
1499,0.75,13.0,0.11193140616311113
1500,0.8,13.0,0.0904900014888202
1501,0.8,16.0,0.11199284579404806
1502,0.8,15.0,0.10693340729470098
1503,0.8,14.0,0.10458178972729269
1504,0.8,15.0,0.1119351506004759
1505,0.8,15.0,0.11279173305403266
1506,0.8,14.0,0.10009155714812362
1507,0.8,16.0,0.11470718446474037
1508,0.8,14.0,0.12166806544306334
1509,0.8,14.0,0.10801670611580388
1510,0.8,13.0,0.096223395724555
1511,0.8,14.0,0.10714802217567856
1512,0.8,16.0,0.10309499231715245
1513,0.8,15.0,0.116406185315644
1514,0.8,15.0,0.11618734641293846
1515,0.8,14.0,0.11464208088775654
1516,0.8,14.0,0.10438881051023857
1517,0.8,14.0,0.10778081306200005
1518,0.8,15.0,0.11608662181037493
1519,0.8,13.0,0.10015239007673776
1520,0.8,14.0,0.10131698140126713
1521,0.8,13.0,0.10227332031596531
1522,0.8,14.0,0.11702400438275057
1523,0.8,15.0,0.11641089301259014
1524,0.8,16.0,0.10998445653186466
1525,0.8,13.0,0.10447077370728766
1526,0.8,13.0,0.1117147100716053
1527,0.8,15.0,0.1093574537345991
1528,0.8,15.0,0.10933842866629379
1529,0.8,14.0,0.10867351566067275
1530,0.8,13.0,0.10933927139438486
1531,0.8,13.0,0.09822821342598886
1532,0.8,16.0,0.12433850113460279
1533,0.8,14.0,0.1069697092004538
1534,0.8,14.0,0.1164944240805891
1535,0.8,14.0,0.10604430858325405
1536,0.8,14.0,0.09922847146546895
1537,0.8,15.0,0.1065201567049647
1538,0.8,15.0,0.10966168994646576
1539,0.8,17.0,0.12002559053646114
1540,0.8,16.0,0.11283611503319739
1541,0.8,15.0,0.11448043788000083
1542,0.8,13.0,0.10108814518210787
1543,0.8,15.0,0.1165761868601361
1544,0.8,15.0,0.12190127600705032
1545,0.8,14.0,0.10045779213007212
1546,0.8,15.0,0.11370643422321625
1547,0.8,15.0,0.1051411584474461
1548,0.8,15.0,0.11013118372463243
1549,0.8,15.0,0.11056672471391737
1550,0.8,15.0,0.11232370632484914
1551,0.8,16.0,0.1215504149020561
1552,0.8,15.0,0.10131715986990707
1553,0.8,15.0,0.11062224349713885
1554,0.8,18.0,0.13846580685940793
1555,0.8,15.0,0.12301426551698216
1556,0.8,15.0,0.10891315434893757
1557,0.8,17.0,0.12135470200298153
1558,0.8,14.0,0.10100689817913674
1559,0.8,13.0,0.09160214253479165
1560,0.8,13.0,0.09459840799970795
1561,0.8,13.0,0.08977738038354147
1562,0.8,16.0,0.12086994628812493
1563,0.8,15.0,0.11475761078594889
1564,0.8,14.0,0.09804513406085216
1565,0.8,16.0,0.12052229109211725
1566,0.8,12.0,0.08976228591477187
1567,0.8,13.0,0.10949741757305553
1568,0.8,13.0,0.09922666089168707
1569,0.8,15.0,0.10941636579901477
1570,0.8,13.0,0.10564527695672779
1571,0.8,15.0,0.11365373180994628
1572,0.8,14.0,0.11173061264491974
1573,0.8,15.0,0.1119981480181177
1574,0.8,14.0,0.10877091242012768
1575,0.8,14.0,0.10698125924543812
1576,0.8,15.0,0.11687060040144644
1577,0.8,13.0,0.09528281448694438
1578,0.8,15.0,0.11275167282069957
1579,0.8,14.0,0.10226136831493422
1580,0.8,15.0,0.10323859663000272
1581,0.8,14.0,0.09640897080795756
1582,0.8,15.0,0.1187961611719507
1583,0.8,13.0,0.10055375079399208
1584,0.8,15.0,0.10516336160578324
1585,0.8,17.0,0.1238801325648756
1586,0.8,15.0,0.10823224313498056
1587,0.8,14.0,0.10554409769963431
1588,0.8,15.0,0.11105937944329655
1589,0.8,14.0,0.10255490198810525
1590,0.8,13.0,0.09146952886136397
1591,0.8,15.0,0.10825052703775334
1592,0.8,16.0,0.10990411305484002
1593,0.8,17.0,0.12711822954791813
1594,0.8,14.0,0.09382215142090294
1595,0.8,16.0,0.12463705404132137
1596,0.8,12.0,0.10782683807032094
1597,0.8,14.0,0.12030164545736971
1598,0.8,14.0,0.1079122737843751
1599,0.8,16.0,0.11433261925943364
1600,0.85,14.0,0.0889491392877881
1601,0.85,14.0,0.09847276216831839
1602,0.85,14.0,0.10484140880118877
1603,0.85,15.0,0.11088164935014376
1604,0.85,14.0,0.10079993444124997
1605,0.85,12.0,0.08903769495802769
1606,0.85,15.0,0.1035311719283823
1607,0.85,13.0,0.08455174356794105
1608,0.85,15.0,0.10361205728799232
1609,0.85,14.0,0.09717854257218053
1610,0.85,14.0,0.10581902298736245
1611,0.85,14.0,0.09931654907338161
1612,0.85,14.0,0.10974409686077295
1613,0.85,14.0,0.10631605402044021
1614,0.85,15.0,0.10796160306069072
1615,0.85,13.0,0.09066184611496615
1616,0.85,15.0,0.1111903812884706
1617,0.85,14.0,0.1022791182512709
1618,0.85,12.0,0.0840350978283604
1619,0.85,13.0,0.08338352755487666
1620,0.85,14.0,0.1041645056022238
1621,0.85,16.0,0.10778935226509889
1622,0.85,13.0,0.08611832494538468
1623,0.85,13.0,0.08304909777334671
1624,0.85,13.0,0.08993808162120871
1625,0.85,15.0,0.09938924725318828
1626,0.85,14.0,0.08802469565498262
1627,0.85,13.0,0.08876037273760996
1628,0.85,14.0,0.09348609498449714
1629,0.85,14.0,0.10351842535162963
1630,0.85,14.0,0.09255736477855074
1631,0.85,14.0,0.09671408219669088
1632,0.85,13.0,0.0948504176474248
1633,0.85,13.0,0.09227911058755167
1634,0.85,15.0,0.10132413350996265
1635,0.85,16.0,0.1061788070271877
1636,0.85,14.0,0.09932880692185352
1637,0.85,15.0,0.10255939955541972
1638,0.85,14.0,0.10687950388494791
1639,0.85,14.0,0.09745439561740764
1640,0.85,14.0,0.09891522318518162
1641,0.85,13.0,0.08382690020000248
1642,0.85,13.0,0.07925189373172235
1643,0.85,14.0,0.10133423599431775
1644,0.85,14.0,0.09544802700439128
1645,0.85,15.0,0.10901950206735594
1646,0.85,13.0,0.09715272870671168
1647,0.85,14.0,0.09904204487200424
1648,0.85,13.0,0.08743282497901389
1649,0.85,15.0,0.1018168373666728
1650,0.85,14.0,0.09939016331826782
1651,0.85,15.0,0.10615104213249751
1652,0.85,16.0,0.11197434359914687
1653,0.85,16.0,0.11001856638119652
1654,0.85,15.0,0.11278973484229375
1655,0.85,15.0,0.10617335449102948
1656,0.85,15.0,0.10298803966104753
1657,0.85,13.0,0.08783479491695124
1658,0.85,16.0,0.10657930641264804
1659,0.85,13.0,0.08798490103608843
1660,0.85,14.0,0.09663738475744145
1661,0.85,15.0,0.10519816369837819
1662,0.85,15.0,0.10594368006599768
1663,0.85,13.0,0.08905804265861675
1664,0.85,18.0,0.12493081106257452
1665,0.85,13.0,0.09277471971134887
1666,0.85,15.0,0.09875199509030161
1667,0.85,14.0,0.10891379521199158
1668,0.85,15.0,0.11330250381399795
1669,0.85,14.0,0.09797869318419569
1670,0.85,17.0,0.10842793751491975
1671,0.85,15.0,0.09379077075730721
1672,0.85,15.0,0.10501046672584759
1673,0.85,14.0,0.09238465503761224
1674,0.85,15.0,0.10327649258182268
1675,0.85,16.0,0.11216527425809251
1676,0.85,16.0,0.10745560745202454
1677,0.85,15.0,0.09846517306125208
1678,0.85,17.0,0.10722058298551063
1679,0.85,15.0,0.10684982884974355
1680,0.85,16.0,0.11121964099665307
1681,0.85,14.0,0.09557499178839626
1682,0.85,12.0,0.08761490736864672
1683,0.85,15.0,0.10441470084861813
1684,0.85,14.0,0.10654407383211997
1685,0.85,14.0,0.09445652227143499
1686,0.85,14.0,0.09973453783120403
1687,0.85,16.0,0.11237122062100306
1688,0.85,12.0,0.09015180177356644
1689,0.85,14.0,0.1034145181985819
1690,0.85,13.0,0.0883512462868116
1691,0.85,15.0,0.10494839345935997
1692,0.85,14.0,0.09113523815019484
1693,0.85,14.0,0.09328031507904498
1694,0.85,14.0,0.0865606074174452
1695,0.85,15.0,0.10628246058313544
1696,0.85,15.0,0.10409991033954823
1697,0.85,16.0,0.10819967421156146
1698,0.85,14.0,0.09750372129023942
1699,0.85,13.0,0.09049047953517292
1700,0.9,15.0,0.10042516096754232
1701,0.9,13.0,0.08649792275241237
1702,0.9,13.0,0.09204631653794222
1703,0.9,12.0,0.07670477227863833
1704,0.9,11.0,0.07841825998040028
1705,0.9,14.0,0.08779071776988445
1706,0.9,14.0,0.09502527120185207
1707,0.9,13.0,0.08500568713054953
1708,0.9,14.0,0.08917860269134223
1709,0.9,16.0,0.10491230645845655
1710,0.9,15.0,0.09904514026825975
1711,0.9,15.0,0.09513660738323526
1712,0.9,14.0,0.09401006448930586
1713,0.9,13.0,0.08914657840053579
1714,0.9,15.0,0.1025293362206416
1715,0.9,12.0,0.08320963555738643
1716,0.9,15.0,0.09889230527458136
1717,0.9,16.0,0.10964238665486299
1718,0.9,13.0,0.08706781484489048
1719,0.9,16.0,0.10750416617182611
1720,0.9,16.0,0.09968761770401321
1721,0.9,16.0,0.09427412105756534
1722,0.9,13.0,0.08251805728176584
1723,0.9,16.0,0.09785418491122375
1724,0.9,14.0,0.08661890049243766
1725,0.9,13.0,0.08822244658853523
1726,0.9,13.0,0.08359454967097771
1727,0.9,14.0,0.1010244218638611
1728,0.9,12.0,0.08314597636064872
1729,0.9,17.0,0.11322410095292074
1730,0.9,14.0,0.08687346418843585
1731,0.9,14.0,0.09583562760123839
1732,0.9,15.0,0.09406133142930233
1733,0.9,15.0,0.08708606988945312
1734,0.9,15.0,0.09451025262848724
1735,0.9,17.0,0.1106869492465338
1736,0.9,13.0,0.087419021485396
1737,0.9,13.0,0.08686254777697235
1738,0.9,14.0,0.09459784881197854
1739,0.9,16.0,0.11264901272655352
1740,0.9,14.0,0.08205698290820183
1741,0.9,14.0,0.08640119111954826
1742,0.9,15.0,0.1065585037825414
1743,0.9,14.0,0.0897385978228397
1744,0.9,12.0,0.07515242782325701
1745,0.9,14.0,0.08666136522875259
1746,0.9,16.0,0.09913269280139961
1747,0.9,15.0,0.09583404413923134
1748,0.9,16.0,0.10406082780359073
1749,0.9,14.0,0.09924106273211354
1750,0.9,15.0,0.09479777822229761
1751,0.9,14.0,0.0909969897809794
1752,0.9,15.0,0.08916556795932537
1753,0.9,14.0,0.09444589181995071
1754,0.9,13.0,0.08673802650357071
1755,0.9,15.0,0.09441548472266931
1756,0.9,14.0,0.09264464878779857
1757,0.9,12.0,0.07711048188500064
1758,0.9,13.0,0.0864537625349443
1759,0.9,14.0,0.09197006333827218
1760,0.9,13.0,0.08750272412058326
1761,0.9,14.0,0.08433572466108553
1762,0.9,13.0,0.0846678990019069
1763,0.9,15.0,0.09295188824336019
1764,0.9,16.0,0.09969776754446276
1765,0.9,15.0,0.09934044449707922
1766,0.9,14.0,0.08532755319891536
1767,0.9,16.0,0.10165375593766016
1768,0.9,13.0,0.08376912207986664
1769,0.9,16.0,0.10785736856858634
1770,0.9,13.0,0.08760114483497243
1771,0.9,13.0,0.08604697595526237
1772,0.9,14.0,0.09219610241771463
1773,0.9,13.0,0.08454581111680835
1774,0.9,15.0,0.09473215071973909
1775,0.9,14.0,0.08763689286586372
1776,0.9,14.0,0.09545960133035819
1777,0.9,14.0,0.1029173972967559
1778,0.9,13.0,0.08787133245573528
1779,0.9,14.0,0.08979672754660041
1780,0.9,15.0,0.09824165734623125
1781,0.9,13.0,0.07626266055760596
1782,0.9,17.0,0.11479244389370555
1783,0.9,14.0,0.0980792408479361
1784,0.9,16.0,0.10031421992342283
1785,0.9,14.0,0.08763392805175359
1786,0.9,12.0,0.07495826391160801
1787,0.9,14.0,0.09093251442135106
1788,0.9,16.0,0.10872768074051782
1789,0.9,14.0,0.08442341677092155
1790,0.9,15.0,0.10075331944175081
1791,0.9,15.0,0.0999337395585906
1792,0.9,14.0,0.08916397066600898
1793,0.9,14.0,0.10233655828388695
1794,0.9,13.0,0.08378639363707571
1795,0.9,15.0,0.10608185375334282
1796,0.9,16.0,0.10113398412250858
1797,0.9,12.0,0.07197717893913919
1798,0.9,14.0,0.09194666452870182
1799,0.9,15.0,0.10131926662251335
1800,0.95,14.0,0.08486746634632746
1801,0.95,14.0,0.08565327164381069
1802,0.95,15.0,0.10588021622387156
1803,0.95,12.0,0.08199978862959896
1804,0.95,14.0,0.09094485001878216
1805,0.95,12.0,0.074467250918326
1806,0.95,16.0,0.1027746837238981
1807,0.95,14.0,0.09558697129399454
1808,0.95,15.0,0.09214793584129523
1809,0.95,15.0,0.09413481924806529
1810,0.95,14.0,0.09607739422508495
1811,0.95,14.0,0.09127780031576962
1812,0.95,15.0,0.08579852502041237
1813,0.95,14.0,0.08457201680529128
1814,0.95,15.0,0.09544553468211156
1815,0.95,15.0,0.09728943234004303
1816,0.95,14.0,0.09042902027476117
1817,0.95,14.0,0.08410534659915364
1818,0.95,16.0,0.10188118706128851
1819,0.95,13.0,0.08658212334803732
1820,0.95,15.0,0.09964344556022253
1821,0.95,15.0,0.09774861176374508
1822,0.95,15.0,0.1022109565742074
1823,0.95,14.0,0.09372403360505707
1824,0.95,16.0,0.09872604400944815
1825,0.95,13.0,0.08186104450832105
1826,0.95,14.0,0.09176566914291112
1827,0.95,14.0,0.08425944398997622
1828,0.95,13.0,0.08046471683058934
1829,0.95,16.0,0.10046850221587122
1830,0.95,13.0,0.08095563223297958
1831,0.95,13.0,0.08146704706429177
1832,0.95,15.0,0.09651079730864039
1833,0.95,14.0,0.09176400007671875
1834,0.95,14.0,0.08294221882325835
1835,0.95,14.0,0.07919686081648836
1836,0.95,15.0,0.09128650799236106
1837,0.95,16.0,0.10661204837160033
1838,0.95,14.0,0.08825378722846335
1839,0.95,13.0,0.07485061068867223
1840,0.95,14.0,0.08640333075794022
1841,0.95,14.0,0.0866386640042851
1842,0.95,13.0,0.08005841307736548
1843,0.95,16.0,0.1002165430915423
1844,0.95,15.0,0.09125264964639515
1845,0.95,14.0,0.09365276836569389
1846,0.95,13.0,0.07853924517732115
1847,0.95,14.0,0.0935801159076881
1848,0.95,14.0,0.08672312335390076
1849,0.95,13.0,0.07835821236596362
1850,0.95,16.0,0.11386389767025153
1851,0.95,15.0,0.10026504765180896
1852,0.95,15.0,0.09741106825551434
1853,0.95,14.0,0.08889046724924424
1854,0.95,12.0,0.07559943791090905
1855,0.95,15.0,0.09636991040110231
1856,0.95,15.0,0.09216921349573408
1857,0.95,16.0,0.10184580664239372
1858,0.95,15.0,0.10216107852997705
1859,0.95,14.0,0.09568640462642021
1860,0.95,14.0,0.09097785272092568
1861,0.95,14.0,0.08351607258704877
1862,0.95,14.0,0.08273799880039141
1863,0.95,15.0,0.09606513123435143
1864,0.95,14.0,0.0980521825171537
1865,0.95,15.0,0.09333329014827077
1866,0.95,16.0,0.09546948588656756
1867,0.95,14.0,0.08787012871896811
1868,0.95,16.0,0.1063360499739947
1869,0.95,14.0,0.09314473838462768
1870,0.95,14.0,0.08948627963187229
1871,0.95,16.0,0.0993161743725364
1872,0.95,15.0,0.1061812040042627
1873,0.95,13.0,0.08163278687504845
1874,0.95,14.0,0.09225797166862888
1875,0.95,14.0,0.08607468766863684
1876,0.95,14.0,0.08499601995638636
1877,0.95,15.0,0.09237193763833855
1878,0.95,14.0,0.08302038044827922
1879,0.95,12.0,0.07474057538819828
1880,0.95,15.0,0.10029381627296911
1881,0.95,13.0,0.07949442259991003
1882,0.95,15.0,0.10296248712180836
1883,0.95,14.0,0.08703538890133652
1884,0.95,15.0,0.08845539563686196
1885,0.95,15.0,0.08703082542801126
1886,0.95,15.0,0.10270288174578872
1887,0.95,16.0,0.10097080411353503
1888,0.95,14.0,0.08726292574182648
1889,0.95,14.0,0.08900171137721542
1890,0.95,15.0,0.09963407171377182
1891,0.95,12.0,0.08189150518832226
1892,0.95,15.0,0.09978017945699774
1893,0.95,14.0,0.09789074863197995
1894,0.95,15.0,0.10152952674815854
1895,0.95,14.0,0.09037764973490803
1896,0.95,16.0,0.1109614498305778
1897,0.95,15.0,0.08919808909884723
1898,0.95,16.0,0.0999637502814885
1899,0.95,15.0,0.0927886002209273
